,,1434.334661,1432.332669,1430.330677,1428.328685,1426.326693,1424.324701,1422.322709,1420.320717,1418.318725,1416.316733,1414.314741,1412.312749,1410.310757,1408.308765,1406.306773,1404.304781,1402.302789,1400.300797,1398.298805,1396.296813,1394.294821,1392.292829,1390.290837,1388.288845,1386.286853,1384.284861,1382.282869,1380.280876,1378.278884,1376.276892,1374.2749,1372.272908,1370.270916,1368.268924,1366.266932,1364.26494,1362.262948,1360.260956,1358.258964,1356.256972,1354.25498,1352.252988,1350.250996,1348.249004,1346.247012,1344.24502,1342.243028,1340.241036,1338.239044,1336.237052,1334.23506,1332.233068,1330.231076,1328.229084,1326.227092,1324.2251,1322.223108,1320.221116,1318.219124,1316.217131,1314.215139,1312.213147,1310.211155,1308.209163,1306.207171,1304.205179,1302.203187
10,2016-12-13Koalin101nr1_c01_000001 ,-0.000717176,-0.000754534,-0.00078396,-0.000805513,-0.001225852,-0.001982375,-0.003674933,-0.006165633,-0.007535572,-0.007136004,-0.004216406,0.000114386,0.003681925,0.004777155,0.003697338,0.001886037,-0.000131039,-0.001078348,-0.001367841,-0.001469163,-0.000873098,9.73E-05,0.001322724,0.002381685,0.003064739,0.003328469,0.003261911,0.003194742,0.003063441,0.002987563,0.002877847,0.002739877,0.00269722,0.002756234,0.002731992,0.002549208,0.002170903,0.001684029,0.001288089,0.001124954,0.001174041,0.001308566,0.001494995,0.001631623,0.001791703,0.001945581,0.001936806,0.001756675,0.001385249,0.000941269,0.00058452,0.000428708,0.000378612,0.000327006,0.000304619,2.77E-04,0.000239866,0.000186817,0.000171473,0.000196724,0.000178168,9.35E-05,1.33E-06,-5.50E-05,-1.99E-05,9.77E-05,0.000209402
10,2016-12-13Koalin101nr1_c01_000002 ,-0.000713648,-0.000760208,-0.000788066,-0.000797003,-0.001197668,-0.001940179,-0.003651486,-0.006194019,-0.007570704,-0.007105461,-0.004134024,0.000192752,0.003716785,0.004743836,0.003610309,0.001804447,-0.000187863,-0.001139298,-0.001399222,-0.001420845,-0.000771412,0.000184216,0.001341598,0.002322365,0.002968872,0.003261204,0.00324275,0.003202116,0.003064163,0.002947587,0.002841917,0.002778482,0.002763491,0.002761482,0.002666996,0.002455486,0.002128297,0.001762158,0.001437361,0.001234741,0.001217294,0.001322075,0.001528158,0.001723473,0.00187673,0.001929146,0.001807363,0.001567396,0.001244735,0.000940472,0.000694547,0.0005425,0.000424567,0.000287031,0.000219787,2.23E-04,0.000242132,0.000227851,0.000217551,0.000212964,0.00018232,0.000124317,4.13E-05,-4.04E-05,-3.75E-05,5.81E-05,0.000175101
10,2016-12-13Koalin101nr1_c01_000003 ,-0.000684178,-0.000774534,-0.000833397,-0.00082843,-0.001201801,-0.001932472,-0.003617024,-0.006115554,-0.007491328,-0.00707841,-0.00414751,0.000185034,0.003706132,0.004707988,0.003558224,0.001740258,-0.000227689,-0.001103835,-0.00134055,-0.001444443,-0.000862509,0.000116935,0.001342613,0.002387887,0.003057835,0.003316181,0.003252384,0.003194284,0.003042578,0.002912734,0.002811218,0.002763227,0.002770807,0.002791613,0.002706964,0.002484082,0.002133052,0.001748278,0.001408117,0.001193102,0.001173074,0.00128658,0.001511963,0.001724159,0.001868107,0.001890663,0.00178229,0.001605563,0.001320886,0.001002055,0.000700502,0.000478578,0.0003662,0.000329885,0.000326895,0.00029265,0.000250901,0.000200681,0.000165538,0.000152335,0.000130953,8.73E-05,3.78E-05,-1.63E-06,-1.04E-05,1.35E-05,8.81E-05
10,2016-12-13Koalin102nr1_c01_000001 ,-0.000932669,-0.001038587,-0.001066073,-0.000995227,-0.001355975,-0.002154909,-0.004060002,-0.006891362,-0.008489693,-0.008085852,-0.004859907,-6.06E-05,0.003946016,0.005249851,0.004131729,0.002158193,-0.000105646,-0.001227517,-0.001610418,-0.001724986,-0.001030938,8.14E-05,0.001507592,0.002765821,0.00360686,0.003964597,0.003922046,0.003851358,0.003695366,0.003616348,0.003573938,0.003566377,0.003610367,0.003663131,0.003569863,0.003301007,0.002857913,0.002363901,0.001935594,0.001685342,0.001695793,0.001879015,0.002223459,0.002560863,0.002793464,0.002835008,0.002615078,0.002240513,0.0017683,0.001349468,0.001002998,0.000758916,0.000594041,0.000448666,0.000387371,0.00037925,0.000382111,0.000344927,0.000295846,0.000244512,0.000175533,0.000100332,6.12E-05,6.75E-05,0.000110087,0.000161172,0.000203179
10,2016-12-13Koalin102nr1_c01_000002 ,-0.000972888,-0.000984828,-0.000954723,-0.000914142,-0.001339559,-0.002184616,-0.004101043,-0.006890889,-0.008466635,-0.008113495,-0.004912128,-6.20E-05,0.004000572,0.005322577,0.00419696,0.002198261,-0.000110469,-0.00126968,-0.001685255,-0.001832603,-0.001132403,3.10E-05,0.001517829,0.002805804,0.00364565,0.003985303,0.003942497,0.003903854,0.003769971,0.003686695,0.003603866,0.003530359,0.003541402,0.003622939,0.003573491,0.003323699,0.002885758,0.002386919,0.001945675,0.001683848,0.001682318,0.001856202,0.002202216,0.002550789,0.002790879,0.002830369,0.002618505,0.002263872,0.001799056,0.001369361,0.001005905,0.000747823,0.00057927,0.000443659,0.000383996,3.61E-04,0.000364756,0.000353277,0.000323671,0.000271225,0.000199511,0.000125285,6.16E-05,2.27E-05,3.49E-05,8.71E-05,0.000178788
10,2016-12-13Koalin102nr1_c01_000003 ,-0.000959077,-0.00101125,-0.001002557,-0.000965786,-0.001372566,-0.002192167,-0.004066663,-0.006808588,-0.008380351,-0.008073171,-0.004954346,-0.000190378,0.003843063,0.005215932,0.004165114,0.0022015,-7.76E-05,-0.001204101,-0.001611966,-0.001771953,-0.001120383,-2.71E-05,0.001431503,0.002760389,0.003684393,0.004102361,0.004061717,0.003935445,0.003688757,0.003535088,0.003475725,0.003512878,0.003608183,0.003677148,0.003604546,0.003363585,0.002923907,0.002412485,0.001954849,0.001671476,0.001655995,0.001835346,0.002174899,0.002490681,0.002728545,0.002815351,0.002659505,0.002332414,0.001848886,0.001366557,0.00095438,0.000681185,0.000543878,0.000472601,0.000461767,0.0004388,0.000414171,0.000369975,0.000312327,0.000246168,0.000146333,3.02E-05,-3.33E-05,-2.21E-05,7.14E-05,0.000199391,0.000289006
10,2016-12-13Koalin103nr1_c01_000001 ,-0.000879102,-0.000991539,-0.001028264,-0.000971615,-0.001301483,-0.002037473,-0.003756426,-0.006282217,-0.007726488,-0.007427596,-0.004508856,-5.11E-05,0.003719284,0.005004665,0.004002801,0.002123307,-5.07E-05,-0.001125948,-0.00151815,-0.001677341,-0.001052328,4.44E-06,0.001368731,0.002563804,0.003403168,0.003822159,0.003880456,0.003903885,0.003800144,0.003716861,0.003695339,0.003774591,0.003905968,0.004009952,0.003931174,0.003648111,0.003153995,0.002604009,0.002143605,0.001896509,0.001932669,0.002148127,0.002522212,0.002873611,0.003150528,0.003275187,0.003131403,0.002790986,0.002285891,0.001784429,0.001313399,0.000951031,0.000740813,0.000631358,0.00059322,0.000541182,0.00045686,0.000322721,0.000254365,0.000280516,0.000293468,0.000235696,0.000136236,3.38E-05,2.72E-05,0.000132879,0.000266848
10,2016-12-13Koalin103nr1_c01_000003 ,-0.00085341,-0.000929301,-0.000959427,-0.000938109,-0.001303498,-0.002043513,-0.003753696,-0.006268709,-0.007693558,-0.007378685,-0.004464703,-2.61E-05,0.003706341,0.004940547,0.003916901,0.002066183,-5.85E-05,-0.001103527,-0.001486279,-0.001653485,-0.001056366,-3.29E-05,0.001343462,0.002605812,0.003472994,0.003842225,0.0038536,0.003873078,0.003777609,0.003705591,0.003662037,0.003672013,0.003779039,0.00394327,0.003937812,0.00368719,0.003225618,0.002714172,0.002230805,0.00190245,0.001857364,0.002036673,0.002457439,0.002920322,0.00326239,0.003346636,0.003112052,0.002692238,0.002162705,0.001706916,0.001303307,0.000982944,0.000790829,0.000675093,0.000618293,0.000555916,0.000483707,0.000378637,0.000301664,0.000272768,0.000230741,0.000147233,6.52E-05,1.57E-05,4.90E-05,0.000149399,0.000269097
2,2016-12-13Koalin22nr1_c01_000002 ,-0.000762686,-0.000741764,-0.000672239,-0.000615172,-0.000823108,-0.001271247,-0.002312185,-0.003832007,-0.004636374,-0.004331669,-0.00241749,0.000412251,0.002741763,0.003476732,0.002742544,0.001471434,5.43E-05,-0.000632482,-0.00095669,-0.00122934,-0.001008901,-0.000458788,0.000478573,0.001494222,0.002348061,0.002836905,0.003021407,0.003129767,0.003138762,0.003197113,0.003335503,0.003575285,0.003906258,0.004235923,0.004340258,0.004169874,0.003689297,0.003080425,0.002426609,0.001928119,0.001727469,0.001799399,0.002225509,0.00278939,0.003300086,0.003539051,0.003425645,0.003064772,0.002492788,0.001933342,0.001452384,0.001129072,0.000896904,0.000680675,0.000541373,4.42E-04,0.000388878,0.000343682,0.000280909,0.000181306,0.000100024,6.01E-05,3.21E-05,-6.91E-07,5.94E-06,4.82E-05,0.000102089
2,2016-12-13Koalin22nr1_c01_000003 ,-0.0007534,-0.000764916,-0.000716599,-0.000652664,-0.000835922,-0.001260001,-0.002262102,-0.003733268,-0.004537055,-0.00428652,-0.002461056,0.00027923,0.002607271,0.003452386,0.002862612,0.001681633,0.000239696,-0.000577256,-0.001030496,-0.001339388,-0.00108283,-0.000459526,0.000540412,0.001554386,0.002356643,0.002783645,0.00294247,0.003078806,0.003128324,0.003210251,0.003350169,0.003563346,0.003871997,0.004210092,0.004308532,0.004101359,0.003613787,0.003047228,0.002443502,0.001971151,0.001768841,0.00181851,0.00224018,0.002833283,0.003358649,0.003580298,0.003442968,0.003065479,0.002481099,0.001916319,0.001418272,0.001063618,0.000846142,0.000694867,0.000577444,4.27E-04,0.000316595,0.000250924,0.000239891,0.000249716,0.000217489,0.000119871,2.45E-05,-2.50E-05,8.08E-07,8.29E-05,0.000140751
2,2016-12-13Koalin23nr1_c01_000000 ,-0.000722599,-0.000685786,-0.000595816,-0.000496773,-0.000689608,-0.00115734,-0.00219857,-0.003679261,-0.004443201,-0.004102266,-0.002262651,0.000360692,0.002512456,0.003212401,0.002576717,0.001460932,0.000161154,-0.000527844,-0.000903691,-0.001210409,-0.001029773,-0.000506915,0.00038081,0.001313683,0.002131374,0.002658442,0.002898811,0.003028243,0.003002931,0.002980358,0.003063389,0.003313149,0.003671422,0.004014554,0.00414629,0.004008665,0.003539641,0.002923897,0.00228055,0.00181571,0.001657722,0.00177324,0.002206332,0.002733421,0.003241733,0.00355126,0.003561709,0.003323293,0.002785489,0.002155715,0.001537013,0.001084802,0.000844706,0.000759312,0.000721308,6.02E-04,0.000502641,0.000435297,0.000391108,0.000349218,0.000250586,8.82E-05,-7.52E-05,-0.000178202,-0.00012105,6.75E-05,0.00025708
2,2016-12-13Koalin23nr1_c01_000001 ,-0.00072605,-0.000732567,-0.000668055,-0.000564403,-0.000722297,-0.001140091,-0.002156711,-0.003665124,-0.004456008,-0.004102185,-0.002231197,0.000425595,0.002583501,0.003249772,0.002577231,0.001452839,0.000150412,-0.000546697,-0.000896776,-0.001146525,-0.000948132,-0.000468449,0.000354867,0.001235957,0.002048778,0.002630644,0.002932087,0.003076958,0.003050011,0.003028836,0.003078402,0.003264766,0.003590082,0.003954918,0.004107492,0.003963347,0.003521719,0.002969855,0.002383418,0.001946683,0.001761412,0.001800654,0.002166533,0.002682331,0.003198064,0.003506221,0.003532575,0.00332425,0.002795862,0.002143993,0.001513117,0.001074405,0.00082899,0.000712924,0.000661973,5.62E-04,0.000529692,0.000552927,0.000511447,0.000363951,0.000180486,2.55E-05,-6.16E-05,-6.34E-05,2.51E-05,0.000137899,0.000226569
2,2016-12-13Koalin2nr1_c01_000001 ,-0.000685616,-0.000687067,-0.000633758,-0.000554199,-0.000726235,-0.001143761,-0.002164735,-0.003683367,-0.004482625,-0.004145464,-0.002252331,0.000483544,0.002700706,0.003355254,0.00264014,0.001487527,0.000135782,-0.000626684,-0.001016404,-0.001267536,-0.001019515,-0.000462125,0.000406462,0.001265276,0.002044801,0.002624962,0.002958777,0.003160958,0.00314016,0.003051681,0.00305423,0.003261333,0.003647065,0.004079341,0.004243868,0.004032294,0.003496001,0.002884806,0.002322298,0.001984696,0.001917814,0.002033091,0.002393425,0.002826358,0.003252505,0.003520407,0.003453077,0.003098827,0.002544322,0.002014413,0.001543029,0.001206599,0.000947492,0.000699509,0.000530646,0.000420396,0.000381679,0.000361701,0.00033774,0.000277212,0.000167435,3.06E-05,-3.86E-05,-1.03E-05,6.24E-05,0.000119857,0.000149676
2,2016-12-13Koalin2nr1_c01_000002 ,-0.000639187,-0.000692595,-0.000691011,-0.00062427,-0.000769653,-0.001140403,-0.002100994,-0.003567537,-0.004391073,-0.004158555,-0.002353219,0.000375082,0.002651709,0.003400491,0.002747272,0.001567966,0.000190099,-0.000535067,-0.000936004,-0.001277307,-0.001109823,-0.000574806,0.000335136,0.001279264,0.002119021,0.00268078,0.002957796,0.003115412,0.003084183,0.003025067,0.003079087,0.003331888,0.003713788,0.004084117,0.004187793,0.003961307,0.003443932,0.002865783,0.002321707,0.001970068,0.001881711,0.00198861,0.002382706,0.00288344,0.003326237,0.003536345,0.003409888,0.003038971,0.002512007,0.002041601,0.001603076,0.001239578,0.000938023,0.000668798,0.000493703,3.90E-04,0.000377311,0.000393355,0.000384079,0.000307028,0.000186786,6.17E-05,-2.13E-06,1.55E-05,5.56E-05,6.85E-05,8.93E-05
2,2016-12-13Koalin2nr1_c01_000003 ,-0.000628937,-0.000673786,-0.000661411,-0.000574307,-0.000722463,-0.001128423,-0.002117748,-0.003582254,-0.004379405,-0.004107646,-0.002296797,0.000381441,0.002601615,0.003328545,0.002686533,0.001539966,0.000179106,-0.000570522,-0.000969798,-0.001258404,-0.001041165,-0.000488077,0.000395287,0.0012769,0.002078505,0.002664662,0.002976425,0.003140027,0.00309065,0.002998385,0.003035068,0.003301614,0.003703943,0.004084239,0.004197187,0.003977349,0.003448375,0.002847259,0.002302777,0.00197926,0.001923589,0.002051055,0.002426689,0.002872009,0.003293975,0.003546414,0.003460504,0.003090414,0.002531591,0.002013636,0.001554383,0.001214833,0.000944054,0.000684737,0.000494867,3.58E-04,0.000323445,0.000345846,0.00035843,0.00030512,0.000215942,0.00011815,4.66E-05,2.38E-05,2.62E-05,2.78E-05,6.71E-05
4,2016-12-13Koalin41nr1_c01_000001 ,-0.000735493,-0.000741236,-0.00067954,-0.000579545,-0.000795389,-0.001319992,-0.00255146,-0.00435201,-0.005327919,-0.004987589,-0.00286681,0.000195491,0.002744259,0.003603825,0.00290928,0.001648988,0.000140312,-0.000694408,-0.001100675,-0.00132852,-0.000978902,-0.000286834,0.000761421,0.001803618,0.002584639,0.002962012,0.003038712,0.003084576,0.003054558,0.00308655,0.003147626,0.003234414,0.00342735,0.003695705,0.003798602,0.003650547,0.003255156,0.002765383,0.002236085,0.001828351,0.001688904,0.001798301,0.002209055,0.002724487,0.003162052,0.003336778,0.003195517,0.002852315,0.002330428,0.001820093,0.001360137,0.001023622,0.000801074,0.000635795,0.000552674,4.93E-04,0.000445412,0.000374938,0.000340647,0.000335422,0.000245946,6.51E-05,-7.25E-05,-0.000101006,1.49E-05,0.0002221,0.000379274
4,2016-12-13Koalin41nr1_c01_000003 ,-0.000793179,-0.000766683,-0.000674488,-0.00060045,-0.00083408,-0.001344727,-0.002539553,-0.00428513,-0.00524724,-0.004967677,-0.002888151,0.000215476,0.002797653,0.003634175,0.002899416,0.001604628,9.73E-05,-0.00068717,-0.001030448,-0.00122553,-0.000884599,-0.000230308,0.000728137,0.001655391,0.002400632,0.002852801,0.00302327,0.003107903,0.003071951,0.003063284,0.00311295,0.003256438,0.003526041,0.003843037,0.003927617,0.003702175,0.003212731,0.002659891,0.00213201,0.001786803,0.001700796,0.001803912,0.00218701,0.002679961,0.003091005,0.003247507,0.003135867,0.002864006,0.002419175,0.001956115,0.001472317,0.001050101,0.000755875,0.000585199,0.000541697,0.00053489,0.00051998,0.000437766,0.000332538,0.000233634,0.000152424,9.98E-05,7.27E-05,5.86E-05,9.47E-05,0.000164766,0.000228574
4,2016-12-13Koalin42nr1_c01_000000 ,-0.000824085,-0.000765158,-0.000655377,-0.00058544,-0.000859324,-0.001429428,-0.002707643,-0.004543405,-0.005519022,-0.005166009,-0.002949889,0.00028793,0.002977043,0.003865044,0.0030912,0.001710821,0.000108865,-0.000730616,-0.001097972,-0.001291584,-0.000961925,-0.000364659,0.000576291,0.001557914,0.002390046,0.002912974,0.003134225,0.003242287,0.003180867,0.003119125,0.003132446,0.003282427,0.003554912,0.003852458,0.003916685,0.003673159,0.003163216,0.002594988,0.002065926,0.001720853,0.001596011,0.001625851,0.001932416,0.002369201,0.002800266,0.003046856,0.002961969,0.002601093,0.002074312,0.001606889,0.001199302,0.000899912,0.000685209,0.000500449,0.000393331,3.30E-04,0.000317158,0.000309877,0.000298897,0.000263337,0.000202315,0.000126604,5.08E-05,-3.64E-06,-1.30E-06,4.78E-05,0.000102022
4,2016-12-13Koalin42nr1_c01_000001 ,-0.00083492,-0.000772997,-0.000660266,-0.000577147,-0.000834188,-0.001390194,-0.002659161,-0.004488176,-0.005469739,-0.005132661,-0.002946977,0.000255105,0.002926309,0.003821429,0.003072272,0.00171759,0.000128612,-0.000720422,-0.001123997,-0.001363282,-0.001046137,-0.00041593,0.000572668,0.001588116,0.002439526,0.002961189,0.003161921,0.003250881,0.003177495,0.00311166,0.0031236,0.003274258,0.003539169,0.003814653,0.003868632,0.003640091,0.003154946,0.002601878,0.002058442,0.001677197,0.001557705,0.001645915,0.002004282,0.0024552,0.002852081,0.003028699,0.002908318,0.002581802,0.002088222,0.001612184,0.001194364,0.000898647,0.000680978,0.000485639,0.000393259,0.000366399,0.000338401,0.000259363,0.000213746,0.000212307,0.000220492,0.000215468,0.000155523,4.32E-05,2.19E-06,7.46E-05,0.000164129
4,2016-12-13Koalin42nr1_c01_000002 ,-0.00076733,-0.000651255,-0.00057045,-0.000615562,-0.000959115,-0.001469482,-0.002642672,-0.004399531,-0.005371163,-0.005111653,-0.002997975,0.000217845,0.00293323,0.003855023,0.003121679,0.001768622,0.000146922,-0.000757802,-0.001163415,-0.001330018,-0.000990508,-0.000434223,0.000496872,0.001518783,0.002437359,0.003069874,0.003299454,0.003276901,0.003086078,0.002999418,0.003053814,0.00326676,0.003573979,0.003844555,0.003904721,0.003712021,0.003240214,0.00266802,0.002073024,0.001621428,0.001441952,0.00151276,0.001909051,0.002424048,0.002888974,0.003110382,0.00297378,0.00257375,0.002023181,0.001555615,0.001171752,0.000903177,0.000711537,0.00053392,0.000444336,0.000409502,0.000384644,0.000324202,0.00026522,0.000212405,0.000170499,0.000139332,6.53E-05,-5.04E-05,-6.83E-05,3.95E-05,0.000165755
4,2016-12-13Koalin43nr1_c01_000001 ,-0.000677642,-0.000690468,-0.00066279,-0.000641024,-0.000885669,-0.001364998,-0.002519723,-0.004248152,-0.005225386,-0.0049938,-0.002967173,0.000112477,0.002725765,0.003632281,0.002969341,0.0017151,0.000200119,-0.000634166,-0.00106596,-0.001343209,-0.00103895,-0.000370446,0.000645172,0.001640551,0.002436723,0.002894546,0.003088093,0.003243115,0.003245535,0.003215279,0.003225832,0.003347443,0.003600279,0.003912895,0.004044276,0.003899846,0.003453839,0.00288175,0.002299914,0.001896344,0.001780734,0.0019075,0.002314504,0.002798365,0.003256727,0.003524406,0.003466704,0.003143585,0.002567832,0.001960813,0.001427368,0.001080631,0.000862309,0.000687696,0.000581589,0.000485021,0.00043848,0.000416563,0.000389242,0.000327262,0.0002495,0.000171531,8.21E-05,-3.64E-06,-2.16E-05,3.38E-05,0.000156596
4,2016-12-13Koalin43nr1_c01_000002 ,-0.000727708,-0.000723125,-0.000664779,-0.000580153,-0.000799448,-0.001305411,-0.00250026,-0.004254259,-0.00523779,-0.004978418,-0.002928755,0.000127283,0.002746093,0.003726465,0.003086966,0.001755457,0.000141448,-0.000749972,-0.001168016,-0.001364276,-0.000988239,-0.000320226,0.000670224,0.001651866,0.002434784,0.002886155,0.003059996,0.003177941,0.003174535,0.003182244,0.003233672,0.003370243,0.003616909,0.003909401,0.004029779,0.003900201,0.003481759,0.002931233,0.002336638,0.001887502,0.001727465,0.001836435,0.002276581,0.00283256,0.003329505,0.003566478,0.003443695,0.003062883,0.002467887,0.001892808,0.001426482,0.001143853,0.000948982,0.000746117,0.000588715,4.53E-04,0.000402641,0.000416911,0.000424907,0.000367366,0.000267969,0.000155446,3.76E-05,-5.37E-05,-3.95E-05,6.92E-05,0.000193802
4,2016-12-13Koalin43nr1_c01_000003 ,-0.000680888,-0.000746861,-0.000748581,-0.000685519,-0.000861006,-0.001278632,-0.002401207,-0.00414369,-0.005185274,-0.005026271,-0.003029566,7.67E-05,0.002758618,0.003745938,0.00310109,0.001766486,0.000152967,-0.000720102,-0.001142908,-0.001386072,-0.00103329,-0.000331112,0.000687703,0.001655929,0.002421182,0.002869708,0.003069382,0.003238422,0.003241132,0.003188202,0.003185724,0.003318392,0.003592566,0.003924022,0.004056443,0.003891616,0.003432306,0.002870152,0.002308527,0.001922315,0.001804329,0.001907922,0.00230519,0.002805554,0.003279604,0.003546772,0.003450344,0.003060939,0.002468909,0.001918063,0.001448776,0.001131385,0.000922669,0.000742346,0.000631066,5.41E-04,0.000442131,0.000311615,0.000228923,0.000208691,0.000239387,0.000277316,0.000231632,8.90E-05,-3.36E-06,2.19E-05,0.000120967
6,2016-12-13Koalin61nr1_c01_000001 ,-0.000826769,-0.000865935,-0.000856222,-0.000828318,-0.001159644,-0.001816236,-0.003338183,-0.005591502,-0.006813555,-0.006401839,-0.003733556,0.000165373,0.003374508,0.004373895,0.003435244,0.001861503,4.23E-05,-0.000900593,-0.001264148,-0.0014065,-0.000883182,2.69E-07,0.001162335,0.002197062,0.002971235,0.003421077,0.003539387,0.003570311,0.003482961,0.003437883,0.003454418,0.003564382,0.003764401,0.003973586,0.004000986,0.003798577,0.003339156,0.00277651,0.00223685,0.001888518,0.001835757,0.002008398,0.002434527,0.002914936,0.003327281,0.003519775,0.003365868,0.002963119,0.002379455,0.001831555,0.001366017,0.00105054,0.000830454,0.000627957,0.000527573,0.000494492,0.000499335,0.000478353,0.000424856,0.000334851,0.000235195,0.000152445,7.77E-05,1.75E-05,2.77E-05,9.63E-05,0.000166718
6,2016-12-13Koalin61nr1_c01_000003 ,-0.000791768,-0.00084908,-0.000869842,-0.000852898,-0.001165129,-0.001780291,-0.003256523,-0.005475858,-0.006710933,-0.006360576,-0.003769021,8.14E-05,0.003283037,0.004307271,0.003424533,0.00190776,0.000105465,-0.000873649,-0.001299692,-0.001492392,-0.000980274,-6.08E-05,0.001169326,0.002265776,0.003068416,0.003505115,0.003593541,0.003605,0.003483462,0.003396806,0.00339476,0.003512503,0.003736261,0.003971469,0.00400953,0.003790659,0.003325452,0.002788336,0.002276082,0.001936538,0.00187838,0.00203727,0.002421956,0.002842764,0.00320438,0.003376768,0.003252438,0.002915336,0.002421006,0.001948339,0.001495453,0.001129838,0.000863788,0.000659819,0.00055928,5.13E-04,0.000474866,0.000387906,0.00034267,0.000350152,0.000314502,0.000204994,7.20E-05,-3.31E-05,-2.16E-05,0.000105622,0.000249361
6,2016-12-13Koalin62nr1_c01_000000 ,-0.000697789,-0.000649855,-0.000622473,-0.000664371,-0.001071372,-0.001766275,-0.003109141,-0.004936719,-0.005900893,-0.005609368,-0.003360356,4.03E-05,0.002936571,0.003991577,0.003294888,0.001888538,0.000151703,-0.000833937,-0.001289246,-0.001478974,-0.000988138,-0.000121645,0.000992335,0.001931875,0.002644806,0.003099394,0.003226617,0.003233996,0.003125015,0.003065705,0.003087027,0.003224108,0.003433476,0.003612729,0.003618481,0.00343133,0.003016946,0.002507995,0.002016107,0.0016963,0.001659364,0.001836592,0.002213,0.002604463,0.002926448,0.003064002,0.00293238,0.002623692,0.002164283,0.001713611,0.00135738,0.001151903,0.00094573,0.000658671,0.000441554,0.000331483,0.000326362,0.000365581,0.00039702,0.000358209,0.000264465,0.000150015,2.71E-05,-6.54E-05,-2.67E-05,0.000132831,0.000311807
6,2016-12-13Koalin62nr1_c01_000001 ,-0.000721477,-0.000745441,-0.000741514,-0.000748032,-0.001071562,-0.001660306,-0.002968399,-0.004885876,-0.005940469,-0.005634248,-0.003363592,1.14E-05,0.002873352,0.00389725,0.003224747,0.001909617,0.000253677,-0.00071901,-0.001216207,-0.001467405,-0.001056637,-0.000256644,0.000868151,0.001894049,0.002687411,0.003159552,0.003272332,0.003253588,0.003130847,0.003097013,0.003139531,0.003264287,0.003462605,0.003651717,0.003655161,0.003438953,0.002957635,0.002368672,0.001866217,0.001619232,0.001683413,0.001935025,0.002324923,0.002660658,0.002905674,0.003004185,0.002882232,0.002617902,0.002209382,0.001783541,0.001363255,0.00101927,0.000750332,0.000534005,0.00041385,3.57E-04,0.000397195,0.00046733,0.00049825,0.000444152,0.000313926,0.000152188,1.67E-05,-3.72E-05,2.42E-05,0.000153802,0.000285914
6,2016-12-13Koalin62nr1_c01_000002 ,-0.00075326,-0.000843676,-0.000852524,-0.000796719,-0.001029392,-0.001569711,-0.002879722,-0.004829927,-0.005947675,-0.005713589,-0.003414301,0.000119633,0.003109065,0.00412818,0.00331907,0.001797353,3.00E-05,-0.000863833,-0.001259635,-0.001511236,-0.001098422,-0.000267978,0.000900618,0.001985639,0.002754698,0.003096049,0.003181006,0.003317961,0.003317007,0.003256552,0.003164764,0.003115007,0.00323773,0.003520163,0.003670548,0.003540284,0.003090064,0.002481258,0.001911461,0.001591897,0.001616262,0.001879635,0.00228529,0.00261451,0.002882107,0.003031786,0.002946289,0.002685324,0.002232941,0.001731745,0.001269355,0.000951006,0.000733378,0.000553749,0.00046533,4.28E-04,0.000435287,0.000435713,0.000469095,0.000508417,0.000424234,0.000209593,-3.18E-05,-0.000193846,-0.000151972,7.31E-05,0.000289014
6,2016-12-13Koalin63nr1_c01_000001 ,-0.000798599,-0.000740122,-0.000652281,-0.00058737,-0.000896585,-0.001530404,-0.002960844,-0.005021269,-0.006153618,-0.005834618,-0.003426807,0.000161793,0.00312863,0.004048858,0.003186053,0.001734408,8.99E-05,-0.000706359,-0.001054624,-0.001319223,-0.000958263,-0.000170797,0.000968357,0.002048807,0.002823292,0.003162215,0.003207474,0.003269673,0.003230424,0.003196647,0.003191032,0.003248171,0.003435932,0.003704895,0.003784791,0.003581968,0.003129513,0.002606003,0.002139043,0.00187546,0.001817394,0.001884476,0.002243705,0.002757506,0.003199982,0.003380902,0.003209443,0.002789997,0.002240702,0.001789276,0.001392577,0.001064791,0.000803988,0.000578075,0.0004383,3.56E-04,0.000364096,0.000411062,0.000441802,0.000403536,0.000288878,0.000136842,3.02E-05,1.59E-05,9.60E-05,0.000217136,0.00029986
6,2016-12-13Koalin63nr1_c01_000002 ,-0.000840008,-0.000796916,-0.000691897,-0.000598385,-0.000890033,-0.001543288,-0.002966956,-0.004963546,-0.006077055,-0.005821718,-0.003496632,3.42E-05,0.00303357,0.004089294,0.003352706,0.001924556,0.000200919,-0.000722965,-0.001168536,-0.001440394,-0.00105407,-0.000254071,0.000913592,0.002021482,0.002830947,0.003217267,0.003281473,0.003315778,0.003226948,0.003162045,0.003168051,0.003271383,0.003488858,0.003749225,0.003806288,0.003579959,0.003137782,0.002667796,0.002197774,0.001843211,0.001713318,0.001783582,0.002166276,0.002694577,0.003174609,0.003404892,0.0032818,0.002898294,0.002331074,0.001808741,0.001338538,0.000981856,0.000739321,0.000560583,0.00048422,4.50E-04,0.000444301,0.000416647,0.000377087,0.000320485,0.000235897,0.000141982,9.17E-05,9.85E-05,0.000149363,0.000208474,0.000236188
6,2016-12-13Koalin63nr1_c01_000003 ,-0.000824192,-0.000790581,-0.000691395,-0.000580954,-0.000857488,-0.001506483,-0.002945577,-0.004979057,-0.006096928,-0.005786033,-0.003443673,2.08E-05,0.002954227,0.003992741,0.003280776,0.001907846,0.000250994,-0.000637333,-0.001070906,-0.00133354,-0.00097385,-0.000235115,0.000877461,0.001972317,0.002788138,0.003174876,0.003229429,0.003243803,0.003165011,0.003144617,0.003207384,0.003356674,0.003574258,0.003783382,0.003771665,0.003502303,0.003045947,0.002587168,0.002167986,0.001881814,0.001794423,0.001858067,0.002201875,0.002687429,0.00313487,0.003358763,0.003248581,0.002883512,0.002346493,0.001854324,0.001385219,0.000997793,0.000719601,0.00052441,0.000469188,4.86E-04,0.000518475,0.000486504,0.000408254,0.000299864,0.000170898,6.02E-05,2.30E-05,5.84E-05,0.000128252,0.000182685,0.000211071
8,2016-12-13Koalin81nr1_c01_000001 ,-0.000840254,-0.000839885,-0.000830206,-0.000860749,-0.001269684,-0.001988917,-0.003605252,-0.00597098,-0.007291055,-0.006977281,-0.004203347,2.87E-05,0.003541881,0.004620263,0.003607682,0.001917189,-1.92E-05,-0.000984297,-0.001333291,-0.001480132,-0.000924242,3.10E-05,0.00130079,0.00244186,0.003247802,0.003646265,0.003682578,0.003656985,0.003536744,0.003490758,0.003478856,0.003501674,0.003603155,0.00374487,0.003742279,0.00353835,0.003124248,0.002631338,0.002158629,0.001845805,0.001823064,0.002030368,0.002461113,0.002914476,0.003260184,0.003372811,0.003179337,0.002797973,0.002259919,0.001748325,0.001335296,0.00107552,0.000876791,0.000659074,0.000528738,4.73E-04,0.000483355,0.000499947,0.000457626,0.000329196,0.000191832,0.00010446,5.94E-05,5.10E-05,0.000132078,0.000263626,0.00033719
8,2016-12-13Koalin81nr1_c01_000002 ,-0.000870733,-0.000824599,-0.000752605,-0.00071405,-0.001129424,-0.001947702,-0.003682055,-0.006113626,-0.00740894,-0.006987249,-0.004134276,6.32E-05,0.003529155,0.004611958,0.003618293,0.001952261,1.88E-05,-0.000985668,-0.001368509,-0.001505752,-0.000915663,6.99E-05,0.001358777,0.002504853,0.00328498,0.003632983,0.003632707,0.003609879,0.003499493,0.003448088,0.003439023,0.003475851,0.003591193,0.003741317,0.003749136,0.00355795,0.003165802,0.002702124,0.002235272,0.001895356,0.001811725,0.001951438,0.002367246,0.002867449,0.003238081,0.003321568,0.003123924,0.002782813,0.002315101,0.001878763,0.001435116,0.001032006,0.000784474,0.000683716,0.000650312,5.82E-04,0.000506744,0.000412059,0.000347326,0.000323358,0.000258642,0.000133046,4.78E-05,4.64E-05,0.000135222,0.000264535,0.000346486
8,2016-12-13Koalin81nr1_c01_000003 ,-0.000838307,-0.000850949,-0.000837757,-0.000822825,-0.001208503,-0.001945762,-0.003578606,-0.005942521,-0.007273901,-0.006974958,-0.004243881,-0.000100753,0.003396839,0.004585595,0.003684504,0.002009359,4.07E-05,-0.000959844,-0.001331597,-0.001464721,-0.000890989,6.25E-05,0.001342654,0.002512786,0.003316162,0.003669737,0.003648721,0.003580001,0.003450535,0.003432883,0.003450893,0.003472914,0.003567564,0.003710351,0.00370116,0.003484679,0.00309656,0.002670799,0.002267323,0.001992256,0.001931285,0.00203635,0.002380104,0.002815009,0.003167031,0.00328621,0.003133681,0.002812407,0.002338331,0.001874314,0.001443122,0.001102213,0.00083151,0.0006002,0.000469794,4.08E-04,0.000444202,0.000513498,0.00052989,0.000442111,0.000283769,0.000119788,2.33E-05,2.89E-05,0.000117725,0.000225491,0.000308638
8,2016-12-13Koalin82nr1_c01_000001 ,-0.000680731,-0.000753264,-0.000752939,-0.000661589,-0.000922857,-0.001554963,-0.00303966,-0.005213917,-0.006462191,-0.006202862,-0.003715218,5.83E-05,0.003222564,0.004264911,0.003394205,0.001817282,-2.91E-05,-0.000983093,-0.001364745,-0.001542578,-0.001036894,-0.000133478,0.001030766,0.00201726,0.002673464,0.002970587,0.00298637,0.003000174,0.002948564,0.002940813,0.00290759,0.002849166,0.002825197,0.00284595,0.002752811,0.002511192,0.002158866,0.001792335,0.001465775,0.001248511,0.001188208,0.0012346,0.001466959,0.001782948,0.002036268,0.002106552,0.001966903,0.001700521,0.001345389,0.001027545,0.000750323,0.000538522,0.00038742,0.00026764,0.000231453,2.45E-04,0.000267005,0.000252619,0.000217602,0.000169365,0.000130307,0.000113764,7.56E-05,7.65E-06,-2.63E-05,-6.64E-06,3.34E-05
8,2016-12-13Koalin82nr1_c01_000002 ,-0.000682287,-0.000742407,-0.000735111,-0.000647532,-0.000917751,-0.001561213,-0.003065511,-0.005263648,-0.006475037,-0.006112662,-0.003568675,0.00016794,0.003241668,0.004185004,0.003252777,0.001696032,-9.91E-05,-0.001040003,-0.001382426,-0.001477722,-0.000917107,-2.27E-05,0.001081504,0.001999414,0.002616308,0.002925841,0.003011437,0.003117093,0.003058718,0.002916353,0.002744747,0.002633518,0.002661101,0.002812315,0.002849476,0.002656824,0.002300824,0.001913096,0.001533263,0.001256212,0.001163798,0.001219228,0.001447949,0.001726017,0.001962041,0.002050749,0.001951138,0.001727337,0.001385241,0.001039242,0.00073257,0.000521124,0.000405726,0.000338047,0.000306518,2.64E-04,0.000228209,0.000188129,0.000155785,0.000132203,9.50E-05,3.90E-05,-3.80E-06,-1.59E-05,2.00E-05,8.44E-05,0.000134096
8,2016-12-13Koalin82nr1_c01_000003 ,-0.000669764,-0.000703102,-0.000692583,-0.000630264,-0.000915926,-0.001532061,-0.003009905,-0.005209224,-0.006455906,-0.006150639,-0.003665694,3.20E-05,0.003126792,0.004142711,0.003305491,0.001821092,5.12E-05,-0.000912749,-0.001337136,-0.001530345,-0.001033153,-0.00014044,0.001032133,0.002051492,0.002729024,0.0030121,0.003008742,0.003019459,0.002927981,0.00284048,0.002762818,0.002724231,0.00275696,0.002837063,0.002796811,0.002578884,0.002226429,0.001854355,0.001496133,0.001230297,0.001156281,0.001240841,0.00150968,0.001824723,0.002036948,0.002044229,0.00186986,0.001621827,0.001323566,0.001068557,0.000821795,0.000590858,0.000405569,0.00026579,0.000209124,2.07E-04,0.000248412,0.000278956,0.000251839,0.000162095,0.000106053,0.000118151,0.000104081,3.93E-05,-1.36E-05,-3.14E-05,2.54E-05
8,2016-12-13Koalin83nr1_c01_000001 ,-0.000883195,-0.000949378,-0.000958509,-0.000925697,-0.001271707,-0.001961908,-0.003579821,-0.00599776,-0.007334054,-0.006923955,-0.00408826,7.23E-05,0.003526001,0.004651824,0.003653046,0.001882415,-8.89E-05,-0.000993705,-0.001270672,-0.001378982,-0.000862916,-3.53E-05,0.001112988,0.00222512,0.003062018,0.003498081,0.00359564,0.003634981,0.003526623,0.003423125,0.003333133,0.003309884,0.00339396,0.003540149,0.003547078,0.003336787,0.002882204,0.002322986,0.001831237,0.001563543,0.001572377,0.001755294,0.00209193,0.002404646,0.002619983,0.002670229,0.00251214,0.002231353,0.001828189,0.001426074,0.001058327,0.000775971,0.000569218,0.000407752,0.000349785,3.53E-04,0.000401718,0.000435606,0.00041242,0.000315914,0.000173042,4.09E-05,-3.21E-05,-2.94E-05,4.92E-05,0.000153241,0.000218625
8,2016-12-13Koalin83nr1_c01_000002 ,-0.00085037,-0.000853853,-0.000834773,-0.000810497,-0.001207301,-0.001980176,-0.003648431,-0.006030642,-0.007326096,-0.006942481,-0.004120966,7.59E-05,0.003575216,0.004728258,0.003701131,0.001847653,-0.000186521,-0.001086536,-0.00133703,-0.001431926,-0.0009041,-7.54E-05,0.001105808,0.002293741,0.003152171,0.003521884,0.003541185,0.00354814,0.00345751,0.003411681,0.003376778,0.003366214,0.003455977,0.003619874,0.003629271,0.003401516,0.002892596,0.002260546,0.001747617,0.001528201,0.001601255,0.001818249,0.002118829,0.002335228,0.002528631,0.002674057,0.002587748,0.002290605,0.00184537,0.001409544,0.001042992,0.000809889,0.000632573,0.000441152,0.000337796,3.12E-04,0.000302179,0.000254293,0.0002481,0.00028122,0.000267255,0.000186013,8.58E-05,7.78E-06,2.22E-05,0.000131385,0.000218397
8,2016-12-13Koalin83nr1_c01_000003 ,-0.000861371,-0.000899245,-0.00089804,-0.000870749,-0.001243992,-0.001989229,-0.003620748,-0.005965926,-0.007264749,-0.006927547,-0.004154602,2.34E-05,0.003529209,0.004707391,0.00374322,0.001965747,-7.05E-05,-0.001062714,-0.001409406,-0.001546966,-0.000977337,-2.76E-05,0.001226307,0.002356067,0.003135518,0.003488496,0.003518985,0.003544402,0.003455,0.003380215,0.00333282,0.003342791,0.003441333,0.003587121,0.003574763,0.003334824,0.00286532,0.002322376,0.001859968,0.001612267,0.001635807,0.001825565,0.002117104,0.002342511,0.002515387,0.002601446,0.002509882,0.002281152,0.001882509,0.001431145,0.001036169,0.000787687,0.00063815,0.000518773,0.000429991,3.32E-04,0.000297492,0.000316581,0.00033146,0.000298069,0.000207488,8.29E-05,1.82E-07,-1.92E-06,6.16E-05,0.000140214,0.000158106
